	RNA002_skew	RNA004_skew	RNA002_var	RNA004_var
0	-1.227695016809969	-7.454750646494888	0.00191023246416833	0.008008274185454215
1	-3.3484679199192433	-8.813999762372296	0.0020271306551986395	0.0037089685518085155
2	-2.62746239341871	-7.127296159136004	0.0013715399936691367	0.0027740511542218168
3	-2.7517856367841045	-5.900076012966753	0.0021777971444282974	0.0024912622001089565
4	-2.3081321358723974	-6.893080203548865	0.0011314256970632187	0.0005502066930034479
